seed,control,centered_window,same_session,retrospective_threshold,survivorship_selection_50
1000,0.2026275259,3.0605534302,21.0852092188,0.2033807093,0.5625602707
1001,-0.0958641835,2.9687010254,20.9472967049,0.2522319866,0.6544700994
1002,-0.0159868321,2.6325995553,20.7118948199,0.0073310111,0.5865228642
1003,0.0496275879,2.2531009657,21.1361406577,0.1889529692,0.5652577555
1004,0.0682705804,2.7909544572,21.1303049900,0.1519973357,0.4389207407
1005,0.3115685650,2.7858189821,21.3235230415,0.3049091322,0.6239846459
1006,0.0088289250,2.7778623229,21.5620704066,0.3461208206,0.5346546465
1007,-0.0328400795,2.9026877291,21.3749734234,0.1111930890,0.4883923113
1008,0.1253444146,3.0415455274,21.1725368490,0.6530211110,0.4742177778
1009,-0.0375804422,2.8708001901,20.9425810002,0.4719681368,0.4667859565
1010,-0.2154574730,2.8557818056,21.3108456736,0.0133212627,0.5024049645
1011,0.0569747585,2.9811623199,20.9488493264,0.3017385866,0.4308484972
1012,0.0243363715,2.5142821024,20.8417817209,-0.0769357903,0.4104268961
1013,-0.5394474429,2.4511585573,21.4973676068,-0.4205573635,0.6005936951
1014,-0.0988548997,2.7206589795,21.0292177032,0.1064913600,0.4605984152
1015,-0.0986086486,2.7459029821,21.3895242554,0.0547484391,0.9197707993
1016,0.0200262790,2.6974180248,21.0230580097,-0.0003648755,0.6042248803
1017,-0.0760953155,2.7288035595,21.2043743687,0.0314990740,0.4492848972
1018,0.2281576952,2.6078736327,20.6475478117,0.3580781525,0.5720968461
1019,-0.2238135553,2.3597289546,20.8493670490,-0.0847848660,0.5698604598
1020,-0.0351159452,2.9059297825,21.4607053767,0.0087162780,0.6237783437
1021,0.2777718434,2.7471459966,21.0268402841,0.4506626292,0.5174857384
1022,-0.0867920966,2.8181944006,21.1501509239,0.2870520090,0.5578042635
1023,0.2321907514,3.0907413245,21.7081226189,0.5074272744,0.4478186209
1024,0.3856674538,3.0523198666,21.0594096707,0.2403511458,0.5270546433
1025,0.2586913321,2.6729578625,21.3528827738,0.2041531041,0.3281088555
1026,0.1627473269,2.7621610258,21.3120407836,0.2855787367,0.4212769538
1027,-0.2312228567,2.8319577805,20.6662021881,0.1478764911,0.4122600876
1028,0.5140727789,2.8233020802,20.5505101051,0.4202068250,0.3382098521
1029,-0.0758874031,3.0411940506,21.2288749791,0.0511782024,0.7486816755
1030,0.1171814840,2.7003743653,20.8271880894,0.2753171906,0.8106058919
1031,-0.0927045592,2.6132907363,20.6530627064,0.5188270879,0.6432468129
1032,0.0647785473,2.6589915716,21.1480982293,0.1747522314,0.5663174740
1033,0.4114272373,3.2757531962,20.5627577588,0.4458709813,0.5305506463
1034,0.0892438114,2.9012618635,20.6019577495,0.1309309095,0.6538373559
1035,-0.0975409319,2.5360122088,20.9201592309,-0.0206430285,0.6404938327
1036,0.1943070834,2.7490413808,21.0783851769,0.3440880202,0.3950197910
1037,0.3860101723,3.0074808630,20.9727191294,0.5404523183,0.4683941172
1038,-0.3106905687,2.8603495116,20.8914598793,0.0396271695,0.3810057980
1039,0.2184415669,2.6811817669,20.8940938535,0.1525578623,0.6402014793
1040,-0.1526752428,2.2079976407,20.8375355892,0.3776745005,0.5091099397
1041,-0.2332788464,2.7541726258,20.7299011689,0.2237063891,0.4886677192
1042,-0.2955286513,2.7865176410,20.8180594608,0.0898925345,0.6477299837
1043,-0.1414121069,2.9649481161,21.2194159175,0.1190107748,0.5539605394
1044,-0.2009235195,3.0798630372,20.9187176952,0.2589183734,0.6064205931
1045,0.2250755100,2.7698311425,21.1826676224,0.3232147167,0.5356652174
1046,0.0542515611,2.8396796157,21.2200945806,0.1293963335,0.3956149763
1047,-0.3781771237,2.4559300747,20.5591842492,0.0098534671,0.5873834326
1048,0.5669278566,3.4621011826,20.9348365471,0.6298366060,0.6602992760
1049,0.0412366628,2.4387133086,20.9210448543,-0.1669789179,0.4685688222
1050,-0.2673043200,2.6519862047,21.1673858631,-0.1521263881,0.4449952337
1051,-0.1718931221,2.5517203581,20.6658506665,-0.1944729292,0.6953455662
1052,0.1587572140,3.0108260385,21.2660782315,0.0961794508,0.5797194065
1053,-0.0922277968,2.8302215808,20.5521256344,0.0647738453,0.5458103133
1054,-0.1037005099,3.0509763058,20.9120399526,0.0415609194,0.6051771910
1055,-0.0230813952,2.6848262018,20.8946310608,0.1752684490,0.6469316804
1056,0.4252992193,3.0102544086,21.1468402275,0.4384006917,0.5640638501
1057,-0.0043310091,3.0142127724,20.8157174381,0.3172593978,0.6075709822
1058,0.3355499298,2.3399907142,21.0668978583,0.0383096933,0.6666817880
1059,-0.3313102334,2.5165549538,21.1028751939,0.0916235870,1.0144070528
1060,0.2602981372,2.8005987739,21.1478069874,0.3766939089,0.6623193197
1061,0.2038385961,2.7902080561,21.1902237998,0.1397837220,0.6735628207
1062,-0.0344733253,2.8660426422,21.2117422336,0.1021236766,0.6043017933
1063,-0.2380732792,2.7068015048,21.3455845373,0.1019484262,0.5729521469
1064,-0.1005000747,2.7706622563,21.6205495544,0.4052100464,0.5723172920
1065,0.2098598532,3.2630479445,20.9400516260,0.1080881728,0.7186913809
1066,0.3442123591,2.7471475010,21.0014365375,0.4523945974,0.3955552850
1067,-0.1239538588,2.8467191198,20.5786680403,0.1381784395,0.4570566370
1068,0.1985891742,2.7657232669,21.3110341898,0.2729426028,0.3786277886
1069,-0.0807943722,3.0088634511,20.6080372575,0.1995787927,0.4702005854
1070,0.1679369024,2.8629512576,20.8036426576,0.4991261407,0.4323828065
1071,-0.0582503988,3.1180021445,21.0233274520,0.1067832288,0.5455191907
1072,0.0051694274,2.8274621414,21.1272398650,0.0742555001,0.5440845178
1073,-0.3301808599,2.2008151041,20.8004540789,-0.2694597163,0.4953321774
1074,0.3182390774,2.5761061631,21.4966630450,0.3854320846,0.8151990811
1075,-0.1459519314,2.7320330996,21.2218268251,0.5168791317,0.4503462916
1076,-0.0574641378,2.6048070173,20.9361980177,0.1843962506,0.7609296573
1077,0.3942579244,3.0749174278,20.9261107860,0.4693705626,0.6382699551
1078,0.0666207004,2.8901758385,21.0856440276,0.1347170758,0.4004586905
1079,-0.0899566883,2.4357096623,20.8923949044,-0.1984023027,0.4965412626
1080,0.1158084395,2.9030196008,20.9353250499,0.3178438513,0.4109617796
1081,-0.5201606608,3.0814484599,21.0225432285,-0.1223919092,0.5904721564
1082,0.0055898169,2.7750401553,21.1970321987,0.6910330652,0.6659624002
1083,0.0946069855,2.5986761524,20.6415267053,0.2189339137,0.3881967571
1084,0.4751238852,2.8889936340,21.1489707214,0.5217096564,0.4211995411
1085,0.2295839091,2.3406640090,20.8550352307,0.1233264356,0.4715511760
1086,-0.1282478704,2.8791610936,21.0375548211,0.1713337030,0.5206327990
1087,-0.0919333394,2.7214338767,21.1043562278,-0.0221070612,0.4215675490
1088,0.2670096134,2.9760707801,21.6098812536,0.3366618327,0.3878175717
1089,0.1064779955,2.5773910874,20.9219490683,0.0350275428,0.4732183225
1090,0.3762403182,3.0612498496,20.8989219261,0.3946175952,0.5680024590
1091,-0.0615881738,2.6281056572,21.0630310504,0.1393863935,0.6592023406
1092,-0.3153912510,2.8742541744,20.7576162521,-0.0859938705,0.8684967344
1093,-0.2185489798,2.9412086356,21.1551700323,-0.1062086639,0.4857585543
1094,0.0307506211,2.8058693163,20.7992487606,0.0827608771,0.3123583454
1095,0.1774402406,3.4329999018,21.2120701446,0.7158182419,0.8098017082
1096,0.1736435682,3.1113307482,20.7176761172,0.1641744568,0.5520427359
1097,-0.6345538118,2.4774041713,20.5899431579,-0.1468682170,0.9494405205
1098,0.0505080821,3.1211823347,20.6587061940,0.2168194976,0.5650595399
1099,-0.5824855465,2.6567050851,20.9661389127,0.2094503659,0.4582065971
